
/*
Peter Moser peter.moser@stud-inf.unibz.it
Valentin Huber valentin.huber@stud-inf.unibz.it
Johannes Ganthaler johannes.ganthaler@stud-inf.unibz.it

ds_group2
*/

INSERT INTO ability_description (id, description) VALUES (2, 'Dyskalkulie');
INSERT INTO ability_description (id, description) VALUES (3, 'Legasthenie');
INSERT INTO ability_description (id, description) VALUES (4, 'Familiäre Probleme');
INSERT INTO ability_description (id, description) VALUES (1, 'ADS');
INSERT INTO address (id, street, no, zip_code, city, country) VALUES (2, 'Boznerstr.', '14', '39100', 'Bozen', 'Italy');
INSERT INTO address (id, street, no, zip_code, city, country) VALUES (3, 'Meranerstr.', '10', '39011', 'Lana', 'Italy');
INSERT INTO address (id, street, no, zip_code, city, country) VALUES (4, 'Winkelweg', '4', '39012', 'Meran', 'Italy');
INSERT INTO address (id, street, no, zip_code, city, country) VALUES (1, 'Alessandriastr.', '47', '39100', 'Bozen', 'Italy');
INSERT INTO address (id, street, no, zip_code, city, country) VALUES (5, 'Musterstr.', '10', '39010', 'Frangart', 'Italy');
INSERT INTO address (id, street, no, zip_code, city, country) VALUES (6, 'Ifingerstr.', '13', '39012', 'Meran', 'Italy');
INSERT INTO address (id, street, no, zip_code, city, country) VALUES (7, 'Schafferstr.', '6', '39012', 'Meran', 'Italy');
INSERT INTO address (id, street, no, zip_code, city, country) VALUES (9, 'Haugenstr.', '18', '39011', 'Lana', 'Italy');
INSERT INTO address (id, street, no, zip_code, city, country) VALUES (8, 'Leichterstr.', '11', '39011', 'Lana', 'Italy');
INSERT INTO address (id, street, no, zip_code, city, country) VALUES (10, 'Zollstr.', '23', '39011', 'Lana', 'Italy');
INSERT INTO address (id, street, no, zip_code, city, country) VALUES (11, 'Rossistr.', '1', '39010', 'Riffian', 'Italy');
INSERT INTO address (id, street, no, zip_code, city, country) VALUES (12, 'Kirchweg', '7', '39010', 'Riffian', 'Italy');
INSERT INTO assessment_type (id, description) VALUES (1, 'Frage');
INSERT INTO assessment_type (id, description) VALUES (2, 'Schularbeit');
INSERT INTO assessment_type (id, description) VALUES (3, 'Mündliche Prüfung');
INSERT INTO assessment_type (id, description) VALUES (4, 'Test');
INSERT INTO assessment_type (id, description) VALUES (5, 'Gruppenarbeit');
INSERT INTO assessment_type (id, description) VALUES (6, 'Vortrag');
INSERT INTO assessment_type (id, description) VALUES (7, 'Zeugnisnote (1. Semester)');
INSERT INTO assessment_type (id, description) VALUES (8, 'Zeugnisnote (2. Semester)');
INSERT INTO assessment_type (id, description) VALUES (9, 'Fähigkeit');
INSERT INTO assessment_type (id, description) VALUES (10, 'Fertigkeit');
INSERT INTO course (id, name, credit_points) VALUES (1, 'Mathematik', NULL);
INSERT INTO course (id, name, credit_points) VALUES (2, 'Naturkunde', NULL);
INSERT INTO course (id, name, credit_points) VALUES (3, 'Deutsch', NULL);
INSERT INTO course (id, name, credit_points) VALUES (4, 'Englisch', NULL);
INSERT INTO course (id, name, credit_points) VALUES (5, 'Italienisch', NULL);
INSERT INTO course (id, name, credit_points) VALUES (6, 'Geschichte', NULL);
INSERT INTO course (id, name, credit_points) VALUES (7, 'Erdkunde', NULL);
INSERT INTO course (id, name, credit_points) VALUES (8, '(all)', NULL);
INSERT INTO topic (id, description, course_id, topic_id) VALUES (1, 'Algebra', 1, NULL);
INSERT INTO topic (id, description, course_id, topic_id) VALUES (2, 'Sexualkunde', 2, NULL);
INSERT INTO topic (id, description, course_id, topic_id) VALUES (3, 'Literaturkunde', 3, NULL);
INSERT INTO topic (id, description, course_id, topic_id) VALUES (5, 'Passato prossimo', 5, NULL);
INSERT INTO topic (id, description, course_id, topic_id) VALUES (6, '2. Weltkrieg', 6, NULL);
INSERT INTO topic (id, description, course_id, topic_id) VALUES (7, 'Geologie', 7, NULL);
INSERT INTO topic (id, description, course_id, topic_id) VALUES (4, 'Grammar', 4, NULL);
INSERT INTO topic (id, description, course_id, topic_id) VALUES (8, 'Holocaust', 6, 6);
INSERT INTO topic (id, description, course_id, topic_id) VALUES (9, 'Pearl Harbor', 6, 6);
INSERT INTO topic (id, description, course_id, topic_id) VALUES (10, 'Lineare Gleichungen', 1, 1);
INSERT INTO topic (id, description, course_id, topic_id) VALUES (11, 'Quadratische Gleichungen', 1, 1);
INSERT INTO topic (id, description, course_id, topic_id) VALUES (12, 'Gleichungssysteme', 1, 1);
INSERT INTO topic (id, description, course_id, topic_id) VALUES (13, 'Sedimentgesteine', 7, 7);
INSERT INTO topic (id, description, course_id, topic_id) VALUES (14, 'Irregular verbs', 4, 4);
INSERT INTO topic (id, description, course_id, topic_id) VALUES (15, 'Natürliche Zahlen', 1, NULL);
INSERT INTO assessment (id, assessment_type_id, topic_id, description, notes) VALUES (2, 1, 15, 'Koordinatensystem', NULL);
INSERT INTO assessment (id, assessment_type_id, topic_id, description, notes) VALUES (1, 2, 15, '1. Schularbeit', NULL);
INSERT INTO assessment (id, assessment_type_id, topic_id, description, notes) VALUES (3, 1, 15, 'Diagramme zeichnen', NULL);
INSERT INTO assessment (id, assessment_type_id, topic_id, description, notes) VALUES (4, 1, 15, 'Vorgänger und Nachfolger', NULL);
INSERT INTO assessment (id, assessment_type_id, topic_id, description, notes) VALUES (5, 1, 15, 'Römische Zahlen', NULL);
INSERT INTO assessment (id, assessment_type_id, topic_id, description, notes) VALUES (6, 1, 15, 'Zehnerpotenzen', NULL);
INSERT INTO assessment (id, assessment_type_id, topic_id, description, notes) VALUES (7, 3, 15, '1x1', NULL);
INSERT INTO class (id, level, stream, notes) VALUES (1, '1', 'A', NULL);
INSERT INTO class (id, level, stream, notes) VALUES (2, '1', 'B', NULL);
INSERT INTO class (id, level, stream, notes) VALUES (3, '2', 'A', NULL);
INSERT INTO class (id, level, stream, notes) VALUES (4, '2', 'B', NULL);
INSERT INTO mark_type (id, description) VALUES (1, 'German System');
INSERT INTO mark_type (id, description) VALUES (2, 'Italian System');
INSERT INTO mark_type (id, description) VALUES (3, 'Roman System');
INSERT INTO mark_type (id, description) VALUES (4, 'Custom1');
INSERT INTO mark (id, representation, bound, mark_type_id) VALUES (1, '10', 100, 2);
INSERT INTO mark (id, representation, bound, mark_type_id) VALUES (2, '9', 90, 2);
INSERT INTO mark (id, representation, bound, mark_type_id) VALUES (7, '8', 80, 2);
INSERT INTO mark (id, representation, bound, mark_type_id) VALUES (8, '7', 70, 2);
INSERT INTO mark (id, representation, bound, mark_type_id) VALUES (9, '6', 60, 2);
INSERT INTO mark (id, representation, bound, mark_type_id) VALUES (10, '5', 50, 2);
INSERT INTO mark (id, representation, bound, mark_type_id) VALUES (11, '+', 100, 4);
INSERT INTO mark (id, representation, bound, mark_type_id) VALUES (12, '~', 75, 4);
INSERT INTO mark (id, representation, bound, mark_type_id) VALUES (13, '-', 50, 4);
INSERT INTO mark (id, representation, bound, mark_type_id) VALUES (3, '9/10', 95, 2);
INSERT INTO mark (id, representation, bound, mark_type_id) VALUES (4, '8/9', 85, 2);
INSERT INTO mark (id, representation, bound, mark_type_id) VALUES (5, '7/8', 75, 2);
INSERT INTO mark (id, representation, bound, mark_type_id) VALUES (6, '6/7', 65, 2);
INSERT INTO mark (id, representation, bound, mark_type_id) VALUES (14, '5/6', 55, 2);
INSERT INTO student (id, name, surname, birthday, address_id, class_id, phonenumber, enrolment_year, ability_description_id, picture, notes) VALUES (5, 'Andi', 'Latte', '1995-06-07', 1, 1, '3334567897', 2012, NULL, NULL, NULL);
INSERT INTO student (id, name, surname, birthday, address_id, class_id, phonenumber, enrolment_year, ability_description_id, picture, notes) VALUES (3, 'Luis ', 'Amplatz', '1996-03-15', 3, 2, '123345678', 2012, 1, NULL, NULL);
INSERT INTO student (id, name, surname, birthday, address_id, class_id, phonenumber, enrolment_year, ability_description_id, picture, notes) VALUES (2, 'Wendy', 'Lator', '1995-09-09', 5, 1, '3338899879', 2012, 1, NULL, NULL);
INSERT INTO student (id, name, surname, birthday, address_id, class_id, phonenumber, enrolment_year, ability_description_id, picture, notes) VALUES (4, 'Wanda', 'Stock', '1995-11-21', 6, 1, '12434734737', 2012, NULL, NULL, NULL);
INSERT INTO student (id, name, surname, birthday, address_id, class_id, phonenumber, enrolment_year, ability_description_id, picture, notes) VALUES (6, 'Jean', 'Darmerie', '1995-12-12', 7, 2, '21131435', 2012, 3, NULL, NULL);
INSERT INTO student (id, name, surname, birthday, address_id, class_id, phonenumber, enrolment_year, ability_description_id, picture, notes) VALUES (7, 'Phil', 'Stifte', '1995-11-30', 8, 2, '3536526', 2012, NULL, NULL, NULL);
INSERT INTO student (id, name, surname, birthday, address_id, class_id, phonenumber, enrolment_year, ability_description_id, picture, notes) VALUES (8, 'Gitta', 'Stäbe', '1995-11-11', 9, 2, '5615134626', 2012, NULL, NULL, NULL);
INSERT INTO student (id, name, surname, birthday, address_id, class_id, phonenumber, enrolment_year, ability_description_id, picture, notes) VALUES (9, 'Ruth', 'Schen', '1995-01-09', 10, 1, '34557453686', 2012, 4, NULL, NULL);
INSERT INTO student (id, name, surname, birthday, address_id, class_id, phonenumber, enrolment_year, ability_description_id, picture, notes) VALUES (10, 'Arno', 'Nym', '1995-03-01', 11, 2, '4532645', 2012, NULL, NULL, NULL);
INSERT INTO student (id, name, surname, birthday, address_id, class_id, phonenumber, enrolment_year, ability_description_id, picture, notes) VALUES (11, 'Lilli', 'Putana', '1995-04-12', 12, 1, '423543523', 2012, NULL, NULL, NULL);
INSERT INTO student (id, name, surname, birthday, address_id, class_id, phonenumber, enrolment_year, ability_description_id, picture, notes) VALUES (1, 'Franz', 'Hofbauer', '1995-04-22', 4, 1, '12345678', 2012, 1, NULL, NULL);
INSERT INTO weighted_assessment (main_assessment_id, sub_assessment_id, weight) VALUES (1, 2, 2);
INSERT INTO weighted_assessment (main_assessment_id, sub_assessment_id, weight) VALUES (1, 3, 4);
INSERT INTO weighted_assessment (main_assessment_id, sub_assessment_id, weight) VALUES (1, 4, 2);
INSERT INTO weighted_assessment (main_assessment_id, sub_assessment_id, weight) VALUES (1, 5, 2);
INSERT INTO weighted_assessment (main_assessment_id, sub_assessment_id, weight) VALUES (1, 6, 3);
INSERT INTO weighted_assessment (main_assessment_id, sub_assessment_id, weight) VALUES (1, 1, 10);
INSERT INTO assessment_student (id, student_id, weighted_assessment_main_id, weighted_assessment_sub_id, mark_id, mark, date, differentiated_evaluation, notes) VALUES (1, 1, 1, 2, NULL, 50, '2012-12-12', true, NULL);
INSERT INTO assessment_student (id, student_id, weighted_assessment_main_id, weighted_assessment_sub_id, mark_id, mark, date, differentiated_evaluation, notes) VALUES (2, 1, 1, 3, NULL, 100, '2012-12-12', true, NULL);
INSERT INTO assessment_student (id, student_id, weighted_assessment_main_id, weighted_assessment_sub_id, mark_id, mark, date, differentiated_evaluation, notes) VALUES (3, 1, 1, 4, NULL, 100, '2012-12-12', true, NULL);
INSERT INTO assessment_student (id, student_id, weighted_assessment_main_id, weighted_assessment_sub_id, mark_id, mark, date, differentiated_evaluation, notes) VALUES (4, 1, 1, 1, 5, NULL, '2012-12-12', true, NULL);
INSERT INTO teacher (id, name, surname, login, password, birthday, address_id, phone_number, picture, notes) VALUES (2, 'Hons', 'Gun Taylor', 'hons', 'yui888', '1991-04-22', 2, '7654332', NULL, NULL);
INSERT INTO teacher (id, name, surname, login, password, birthday, address_id, phone_number, picture, notes) VALUES (1, 'Patrizio', 'Albero', 'palbero', '12.45-+~.1', '1992-05-17', 1, '1234567', NULL, NULL);
INSERT INTO teacher_class_course (teacher_id, class_id, course_id) VALUES (1, 1, 1);
INSERT INTO teacher_class_course (teacher_id, class_id, course_id) VALUES (1, 2, 1);
INSERT INTO teacher_class_course (teacher_id, class_id, course_id) VALUES (1, 3, 1);
INSERT INTO teacher_class_course (teacher_id, class_id, course_id) VALUES (1, 4, 1);
INSERT INTO teacher_class_course (teacher_id, class_id, course_id) VALUES (2, 1, 2);
INSERT INTO teacher_class_course (teacher_id, class_id, course_id) VALUES (2, 4, 1);
INSERT INTO teacher_class_course (teacher_id, class_id, course_id) VALUES (2, 3, 4);
